{
	"format_version": "1.12.0",
	"minecraft:geometry": [
		{
			"description": {
				"identifier": "geometry.diooutfit",
				"texture_width": 64,
				"texture_height": 64,
				"visible_bounds_width": 3,
				"visible_bounds_height": 4.5,
				"visible_bounds_offset": [0, 1.75, 0]
			},
			"bones": [
				{
					"name": "helmet",
					"pivot": [0, 24, 0],
					"cubes": [
						{"origin": [-4, 24, -4], "size": [8, 8, 8], "inflate": 0.52, "uv": [32, 0]},
						{"origin": [-4, 24, -4], "size": [8, 8, 8], "inflate": 0.751, "uv": [0, 0]}
					]
				},
				{
					"name": "chestplate",
					"pivot": [0, 24, 0],
					"cubes": [
						{"origin": [-3.55, 24.375, -1.15], "size": [4, 3, 2], "pivot": [-3.5, 25.375, 0.75], "rotation": [-121.03795, -44.72566, 130.53457], "uv": [37, 27], "mirror": true},
						{"origin": [-0.55, 24.375, -1.15], "size": [4, 3, 2], "pivot": [3.4, 25.375, 0.75], "rotation": [-121.03795, 44.72566, -130.53457], "uv": [37, 27]},
						{"origin": [-3.55, 24.2, -5.9], "size": [4, 3, 7], "pivot": [-3.5, 25.2, 1], "rotation": [-90, -52.5, 90], "uv": [16, 54], "mirror": true},
						{"origin": [-3.55, 24.2, -5.9], "size": [4, 3, 7], "inflate": 0.1, "pivot": [-3.5, 25.2, 1], "rotation": [-90, -52.5, 90], "uv": [42, 25], "mirror": true},
						{"origin": [-7, 25.7, -3], "size": [4, 3, 8], "pivot": [0, 26.7, 3], "rotation": [6.80423, 3.1622, -24.81197], "uv": [16, 43]},
						{"origin": [-3.55, 24.2, -4.9], "size": [4, 3, 7], "inflate": 0.1, "pivot": [-3.5, 25.2, 2], "rotation": [0, -90, 0], "uv": [40, 54], "mirror": true},
						{"origin": [-3.55, 24.2, -4.9], "size": [4, 3, 7], "pivot": [-3.5, 25.2, 2], "rotation": [0, -90, 0], "uv": [16, 54], "mirror": true},
						{"origin": [2.85, 25.7, -3], "size": [4, 3, 8], "pivot": [-0.15, 26.7, 3], "rotation": [6.80423, -3.1622, 24.81197], "uv": [16, 43], "mirror": true},
						{"origin": [2.85, 25.7, -3], "size": [4, 3, 8], "inflate": 0.1, "pivot": [-0.15, 26.7, 3], "rotation": [6.80423, -3.1622, 24.81197], "uv": [40, 43], "mirror": true},
						{"origin": [-7, 25.7, -3], "size": [4, 3, 8], "inflate": 0.1, "pivot": [0, 26.7, 3], "rotation": [6.80423, 3.1622, -24.81197], "uv": [40, 43]},
						{"origin": [-4, 15, -2], "size": [8, 9, 4.3], "inflate": 0.5, "uv": [0, 25]},
						{"origin": [-4, 15, -2.25], "size": [8, 9, 4.3], "inflate": 0.6, "uv": [0, 38]}
					]
				},
				{
					"name": "rightBoot",
					"pivot": [-1.9, 12, 0]
				},
				{
					"name": "leftBoot",
					"pivot": [1.9, 12, 0]
				},
				{
					"name": "rightLeg",
					"pivot": [-1.9, 12, 0]
				},
				{
					"name": "leftLeg",
					"pivot": [1.9, 12, 0]
				},
				{
					"name": "leftArm",
					"pivot": [5, 22, 0],
					"cubes": [
						{"origin": [4, 13.75, -2], "size": [4, 3, 4], "inflate": 0.252, "uv": [0, 57]},
						{"origin": [4, 13.75, -2], "size": [4, 3, 4], "inflate": 0.4, "uv": [31, 54]},
						{"origin": [4, 11.9, -2], "size": [4, 12, 4], "inflate": 0.39, "uv": [32, 35]},
						{"origin": [4.15, 20.4, -2], "size": [4, 4, 4], "inflate": 0.45, "pivot": [6.15, 22.4, 0], "rotation": [0, 0, 2.5], "uv": [48, 35]}
					]
				},
				{
					"name": "rightArm",
					"pivot": [-5, 22, 0],
					"cubes": [
						{"origin": [-8, 13.75, -2], "size": [4, 3, 4], "inflate": 0.251, "uv": [0, 57], "mirror": true},
						{"origin": [-8, 13.75, -2], "size": [4, 3, 4], "inflate": 0.4, "uv": [31, 54], "mirror": true},
						{"origin": [-8, 11.9, -2], "size": [4, 12, 4], "inflate": 0.391, "uv": [32, 35], "mirror": true},
						{"origin": [-8.15, 20.4, -2], "size": [4, 4, 4], "inflate": 0.45, "pivot": [-6.15, 22.4, 0], "rotation": [0, 0, -2.5], "uv": [48, 35], "mirror": true}
					]
				}
			]
		}
	]
}