{
	"format_version": "1.12.0",
	"minecraft:geometry": [
		{
			"description": {
				"identifier": "geometry.diooutfit",
				"texture_width": 64,
				"texture_height": 64,
				"visible_bounds_width": 3,
				"visible_bounds_height": 3.5,
				"visible_bounds_offset": [0, 1.25, 0]
			},
			"bones": [
				{
					"name": "helmet",
					"pivot": [0, 24, 0],
					"cubes": [
						{"origin": [-4, 24, -4], "size": [8, 8, 8], "inflate": 0.52, "uv": [32, 48]},
						{"origin": [-4, 24, -4], "size": [8, 8, 8], "inflate": 0.751, "uv": [24, 0]}
					]
				},
				{
					"name": "chestplate",
					"pivot": [0, 24, 0],
					"cubes": [
						{"origin": [-4, 12, -2], "size": [8, 12, 4], "inflate": 0.29, "uv": [0, 30]},
						{"origin": [-4, 12, -2], "size": [8, 12, 4], "inflate": 0.39, "uv": [0, 0]},
						{"origin": [-4, 18.375, -2.325], "size": [8, 4, 4], "inflate": 0.48, "pivot": [0, 17.375, -0.325], "rotation": [-2, 0, 0], "uv": [40, 37]},
						{"origin": [-26, 45, -3], "size": [4, 2, 1], "pivot": [-24, 21, -1], "rotation": [0, 0, 90], "uv": [54, 0]},
						{"origin": [-4, 18.375, -2.325], "size": [8, 4, 4], "inflate": 0.38, "pivot": [0, 17.375, -0.325], "rotation": [-2, 0, 0], "uv": [16, 16]},
						{"origin": [0.09645, 13.20355, -2.8], "size": [3, 2, 1], "pivot": [1.09645, 13.70355, -2.3], "rotation": [0, 0, -135], "uv": [32, 25]},
						{"origin": [0.09645, 14.20355, -2.8], "size": [2, 2, 1], "pivot": [1.09645, 13.70355, -2.3], "rotation": [0, 0, -135], "uv": [26, 25]},
						{"origin": [-4, 12, -2], "size": [8, 4, 4.3], "inflate": 0.4, "uv": [16, 46]},
						{"origin": [-2, 24, -2], "size": [4, 1, 4], "uv": [14, 25]}
					]
				},
				{
					"name": "rightBoot",
					"pivot": [-1.9, 12, 0],
					"cubes": [
						{"origin": [-4, 0, -2], "size": [4, 5, 4], "inflate": 0.35, "uv": [0, 16], "mirror": true},
						{"origin": [-4, 0, -2], "size": [4, 5, 4], "inflate": 0.48, "uv": [0, 46], "mirror": true}
					]
				},
				{
					"name": "leftBoot",
					"pivot": [1.9, 12, 0],
					"cubes": [
						{"origin": [0, 0, -2], "size": [4, 5, 4], "inflate": 0.35, "uv": [0, 16]},
						{"origin": [0, 0, -2], "size": [4, 5, 4], "inflate": 0.48, "uv": [0, 46]}
					]
				},
				{
					"name": "rightLeg",
					"pivot": [-1.9, 12, 0],
					"cubes": [
						{"origin": [-4, 0, -2], "size": [4, 12, 4], "inflate": 0.45, "uv": [40, 16], "mirror": true},
						{"origin": [-2.62855, 7.75355, -3.05], "size": [2, 2, 1], "pivot": [-1.62855, 7.25355, -2.55], "rotation": [0, 0, -45], "uv": [0, 27]},
						{"origin": [-2.62855, 6.75355, -3.05], "size": [3, 2, 1], "pivot": [-1.62855, 7.25355, -2.55], "rotation": [0, 0, -45], "uv": [6, 27]},
						{"origin": [-4.15, 6.25, -2], "size": [4, 6, 4], "inflate": 0.5, "pivot": [-2.15, 9.25, 0], "rotation": [0, 0, -2.5], "uv": [16, 54], "mirror": true},
						{"origin": [-4, 0, -2], "size": [4, 12, 4], "inflate": 0.291, "uv": [24, 32], "mirror": true}
					]
				},
				{
					"name": "leftLeg",
					"pivot": [1.9, 12, 0],
					"cubes": [
						{"origin": [0, 0, -2], "size": [4, 12, 4], "inflate": 0.45, "uv": [40, 16]},
						{"origin": [0.15, 6.25, -2], "size": [4, 6, 4], "inflate": 0.5, "pivot": [2.15, 9.25, 0], "rotation": [0, 0, 2.5], "uv": [16, 54]},
						{"origin": [0, 0, -2], "size": [4, 12, 4], "inflate": 0.291, "uv": [24, 32]},
						{"origin": [-0.37145, 6.75355, -3.05], "size": [3, 2, 1], "pivot": [1.62855, 7.25355, -2.55], "rotation": [0, 0, 45], "uv": [6, 27], "mirror": true},
						{"origin": [0.62855, 7.75355, -3.05], "size": [2, 2, 1], "pivot": [1.62855, 7.25355, -2.55], "rotation": [0, 0, 45], "uv": [0, 27], "mirror": true}
					]
				},
				{
					"name": "leftArm",
					"pivot": [5, 22, 0]
				},
				{
					"name": "rightArm",
					"pivot": [-5, 22, 0]
				}
			]
		}
	]
}