{
	"format_version": "1.12.0",
	"minecraft:geometry": [
		{
			"description": {
				"identifier": "geometry.clothing_base",
				"texture_width": 96,
				"texture_height": 96,
				"visible_bounds_width": 3,
				"visible_bounds_height": 4.5,
				"visible_bounds_offset": [0, 1.75, 0]
			},
			"bones": [
				{
					"name": "chestplate",
					"pivot": [0, 24, 0],
					"cubes": [
						{"origin": [-3, 24, 1], "size": [6, 3, 1], "inflate": 0.29, "uv": [16, 72]},
						{"origin": [-4.3, 23.7, 1.299], "size": [8.6, 4, 3], "uv": [48, 64]},
						{"origin": [-4.3, 24.40711, 1.59189], "size": [8.6, 4, 3], "pivot": [-0.3, 28.40711, 0.59189], "rotation": [-45, 0, 0], "uv": [68, 17]},
						{"origin": [-4, 15, -2], "size": [8, 9, 4], "inflate": 0.29, "uv": [32, 48]},
						{"origin": [-3.5, 17, -2.2], "size": [7, 4, 1], "inflate": 0.29, "uv": [48, 71]},
						{"origin": [-2, 24.25, -2], "size": [4, 2, 4], "uv": [70, 70]},
						{"origin": [-4, 25.35, -3.4], "size": [8, 1, 8], "pivot": [0, 24.35, 0.6], "rotation": [54.73561, 30, 35.26439], "uv": [0, 47]},
						{"origin": [-4, 19, -2.6], "size": [4, 7, 1], "pivot": [0, 19, -2.6], "rotation": [-10.26713, -47.42374, -15.07696], "uv": [72, 46]},
						{"origin": [0, 19, -2.6], "size": [4, 7, 1], "pivot": [0, 19, -2.6], "rotation": [-10.26713, 47.42374, 15.07696], "uv": [72, 46], "mirror": true}
					]
				},
				{
					"name": "gunbelt",
					"parent": "chestplate",
					"pivot": [0, 13.5, 0]
				},
				{
					"name": "rightArm",
					"pivot": [-5, 22, 0],
					"cubes": [
						{"origin": [-8, 11.9, -2], "size": [4, 12, 4], "inflate": 0.391, "uv": [16, 56]}
					]
				},
				{
					"name": "rightBoot",
					"pivot": [-1.9, 12, 0]
				},
				{
					"name": "leftArm",
					"pivot": [5, 22, 0],
					"cubes": [
						{"origin": [4, 11.9, -2], "size": [4, 12, 4], "inflate": 0.391, "uv": [16, 56], "mirror": true}
					]
				}
			]
		}
	]
}