{
	"format_version": "1.12.0",
	"minecraft:geometry": [
		{
			"description": {
				"identifier": "geometry.clothing_base",
				"texture_width": 128,
				"texture_height": 128,
				"visible_bounds_width": 3,
				"visible_bounds_height": 4.5,
				"visible_bounds_offset": [0, 1.75, 0]
			},
			"bones": [
				{
					"name": "helmet",
					"pivot": [0, 24, 0],
					"cubes": [
						{"origin": [-4, 24.35, -3.975], "size": [8, 8, 8], "inflate": 0.51, "uv": [32, 41]},
						{"origin": [-4, 20.35, -3.975], "size": [8, 12, 8], "inflate": 0.7, "uv": [0, 39]},
						{"origin": [-2.026, 20.049, 4.326], "size": [4, 3, 1], "uv": [20, 60], "mirror": true},
						{"origin": [-4.5, 29.85, -5.125], "size": [3, 3, 2], "pivot": [-3, 31.35, -4.125], "rotation": [-8.90928, 8.80348, -45.68718], "uv": [33, 60]},
						{"origin": [1.5, 29.85, -5.125], "size": [3, 3, 2], "pivot": [3, 31.35, -4.125], "rotation": [-8.90928, -8.80348, 45.68718], "uv": [53, 60], "mirror": true},
						{"origin": [-1.5, 30.35, -5.625], "size": [3, 3, 2], "inflate": 0.1, "uv": [43, 60]},
						{"origin": [4.75, 32.75, 1.25], "size": [0, 1, 4], "uv": [0, 0]},
						{"origin": [-4.75, 32.75, 1.25], "size": [0, 1, 4], "uv": [0, 0]},
						{"origin": [-1.5, 32.75, 1.25], "size": [0, 1, 4], "uv": [0, 0]},
						{"origin": [1.5, 32.75, 1.25], "size": [0, 1, 4], "uv": [0, 0]},
						{"origin": [-2.5, 32.75, 1], "size": [0, 1, 4], "uv": [0, 0]},
						{"origin": [2.75, 32.75, 1], "size": [0, 1, 4], "uv": [0, 0]},
						{"origin": [-1.5, 32.75, -5], "size": [0, 1, 4], "uv": [0, -2]},
						{"origin": [1.75, 32.75, -5], "size": [0, 1, 4], "uv": [0, -2]}
					]
				},
				{
					"name": "chestplate",
					"pivot": [0, 24, 0],
					"cubes": [
						{"origin": [-4, 12, -2], "size": [8, 12, 4], "inflate": 0.3, "uv": [32, 18]}
					]
				},
				{
					"name": "rightLeg",
					"pivot": [-1.9, 12, 0],
					"cubes": [
						{"origin": [-4, 0, -2], "size": [4, 12, 4], "inflate": 0.291, "uv": [16, 18], "mirror": true}
					]
				},
				{
					"name": "rightBoot",
					"pivot": [-1.9, 12, 0],
					"cubes": [
						{"origin": [-4, 0, -2], "size": [4, 5, 4], "inflate": 0.293, "uv": [0, 16], "mirror": true}
					]
				},
				{
					"name": "leftLeg",
					"pivot": [1.9, 12, 0],
					"cubes": [
						{"origin": [0, 0, -2], "size": [4, 12, 4], "inflate": 0.291, "uv": [16, 18]}
					]
				},
				{
					"name": "leftBoot",
					"pivot": [1.9, 12, 0],
					"cubes": [
						{"origin": [0, 0, -2], "size": [4, 5, 4], "inflate": 0.293, "uv": [0, 16]}
					]
				}
			]
		}
	]
}