{
	"format_version": "1.12.0",
	"minecraft:geometry": [
		{
			"description": {
				"identifier": "geometry.johnnyoutfit",
				"texture_width": 64,
				"texture_height": 64,
				"visible_bounds_width": 3,
				"visible_bounds_height": 3.5,
				"visible_bounds_offset": [0, 1.25, 0]
			},
			"bones": [
				{
					"name": "helmet",
					"pivot": [0, 24, 0],
					"cubes": [
						{"origin": [-2, 28.45, -5.075], "size": [4, 4, 1], "uv": [24, 27]},
						{"origin": [-4, 26.475, -4], "size": [8, 6, 8], "inflate": 0.55, "uv": [24, 9]},
						{"origin": [-4, 26.675, -3.9], "size": [8, 6, 8], "inflate": 0.7, "uv": [14, 48]}
					]
				},
				{
					"name": "chestplate",
					"pivot": [0, 24, 0],
					"cubes": [
						{"origin": [-4, 12, -2], "size": [8, 12, 4], "inflate": 0.32, "uv": [0, 32]},
						{"origin": [-4, 12, -2], "size": [8, 12, 4], "inflate": 0.5, "uv": [0, 16]},
						{"origin": [-4, 20.75, 2.025], "size": [8, 3, 3], "pivot": [0, 22.75, 3.525], "rotation": [-10, 0, 0], "uv": [0, 48]}
					]
				},
				{
					"name": "feather",
					"parent": "chestplate",
					"pivot": [2.05, 23.46357, 4.87045]
				},
				{
					"name": "rightBoot",
					"pivot": [-1.9, 12, 0],
					"cubes": [
						{"origin": [-4, 0, -2], "size": [4, 5, 4], "inflate": 0.3, "uv": [32, 0], "mirror": true}
					]
				},
				{
					"name": "leftBoot",
					"pivot": [1.9, 12, 0],
					"cubes": [
						{"origin": [0, 0, -2], "size": [4, 5, 4], "inflate": 0.3, "uv": [32, 0]}
					]
				},
				{
					"name": "rightLeg",
					"pivot": [-1.9, 12, 0],
					"cubes": [
						{"origin": [-4, 0, -2], "size": [4, 12, 4], "inflate": 0.45, "uv": [0, 0], "mirror": true},
						{"origin": [-4, 0, -2], "size": [4, 12, 4], "inflate": 0.31, "uv": [16, 0]}
					]
				},
				{
					"name": "leftLeg",
					"pivot": [1.9, 12, 0],
					"cubes": [
						{"origin": [0, 0, -2], "size": [4, 12, 4], "inflate": 0.45, "uv": [0, 0]},
						{"origin": [0, 0, -2], "size": [4, 12, 4], "inflate": 0.31, "uv": [16, 0], "mirror": true}
					]
				},
				{
					"name": "leftArm",
					"pivot": [5, 22, 0],
					"cubes": [
						{"origin": [4, 12, -2], "size": [4, 12, 4], "inflate": 0.3, "uv": [48, 0]},
						{"origin": [4, 12, -2], "size": [4, 12, 4], "inflate": 0.5, "uv": [24, 32]}
					]
				},
				{
					"name": "rightArm",
					"pivot": [-5, 22, 0],
					"cubes": [
						{"origin": [-8, 12, -2], "size": [4, 12, 4], "inflate": 0.3, "uv": [48, 0], "mirror": true},
						{"origin": [-8, 12, -2], "size": [4, 12, 4], "inflate": 0.5, "uv": [24, 32], "mirror": true}
					]
				}
			]
		}
	]
}