{
	"format_version": "1.12.0",
	"minecraft:geometry": [
		{
			"description": {
				"identifier": "geometry.jotarocoat",
				"texture_width": 80,
				"texture_height": 80,
				"visible_bounds_width": 3,
				"visible_bounds_height": 4.5,
				"visible_bounds_offset": [0, 1.75, 0]
			},
			"bones": [
				{
					"name": "chestplate",
					"pivot": [0, 24, 0]
				},
				{
					"name": "gunbelt",
					"parent": "chestplate",
					"pivot": [0, 13.5, 0],
					"cubes": [
						{"origin": [-4.2, 11.5, -2], "size": [8.2, 1, 4], "inflate": 0.7, "pivot": [0.4, 12.5, 0], "rotation": [0, 0, -5], "uv": [40, 41]},
						{"origin": [-4.95, 11.25, -2.75], "size": [9.7, 1.5, 5.5], "pivot": [0.4, 12.5, 0], "rotation": [0, 0, -5], "uv": [40, 35]}
					]
				},
				{
					"name": "rightBoot",
					"pivot": [-1.9, 12, 0]
				},
				{
					"name": "rightLeg",
					"pivot": [-1.9, 12, 0],
					"cubes": [
						{"origin": [-4.4, 1.5, 0], "size": [5, 1, 3], "inflate": 0.1, "pivot": [-1.9, 2, 2], "rotation": [17.5, 0, 0], "uv": [18, 48]},
						{"origin": [-1.9, 2.37898, 2.7108], "size": [1, 2, 3], "pivot": [-3.9, 3.37898, 4.7108], "rotation": [17.5, 0, 0], "uv": [52, 11]},
						{"origin": [-4.4, 1, -3], "size": [5, 2, 4], "inflate": 0.101, "pivot": [-1.9, 2, -2], "rotation": [-17.5, 0, 0], "uv": [40, 46]},
						{"origin": [-6, 8.8, -1.5], "size": [2, 4, 3], "uv": [52, 4]},
						{"origin": [-6, 6.8, -1.5], "size": [2, 2, 2], "uv": [26, 52]},
						{"origin": [-4.4, 7, -2.4], "size": [4.8, 1, 4.8], "uv": [36, 52]}
					]
				},
				{
					"name": "leftArm",
					"pivot": [5, 22, 0]
				},
				{
					"name": "rightArm",
					"pivot": [-5, 22, 0]
				},
				{
					"name": "helmet",
					"pivot": [0, 24, 0],
					"cubes": [
						{"origin": [-5.12337, 29.97023, -6.62337], "size": [0, 3, 3], "pivot": [-5.12337, 31.47023, -5.12337], "rotation": [-24.05898, -40.78947, -30.36119], "uv": [34, 48]},
						{"origin": [-4, 29.86, -4], "size": [8, 3, 8], "inflate": 0.75, "uv": [40, 16]},
						{"origin": [-5, 29.15, -5], "size": [10, 2, 10], "uv": [31, 64]},
						{"origin": [-5, 29.1, -8], "size": [10, 0, 16], "inflate": 0.01, "uv": [-12, 23]},
						{"origin": [-7.83591, 29.9504, -6], "size": [3, 0, 12], "inflate": 0.01, "pivot": [-6.83591, 29.9504, -2], "rotation": [0, 0, 25], "uv": [-8, 41], "mirror": true},
						{"origin": [4.83591, 29.9504, -6], "size": [3, 0, 12], "inflate": 0.01, "pivot": [6.83591, 29.9504, -2], "rotation": [0, 0, -25], "uv": [-8, 41]}
					]
				},
				{
					"name": "leftLeg",
					"pivot": [1.9, 12, 0],
					"cubes": [
						{"origin": [-0.6, 1, -3], "size": [5, 2, 4], "inflate": 0.101, "pivot": [1.9, 2, -2], "rotation": [-17.5, 0, 0], "uv": [40, 46], "mirror": true},
						{"origin": [-0.6, 1.5, 0], "size": [5, 1, 3], "inflate": 0.1, "pivot": [1.9, 2, 2], "rotation": [17.5, 0, 0], "uv": [18, 48], "mirror": true},
						{"origin": [0.9, 2.37898, 2.7108], "size": [1, 2, 3], "pivot": [3.9, 3.37898, 4.7108], "rotation": [17.5, 0, 0], "uv": [52, 11], "mirror": true}
					]
				}
			]
		}
	]
}