{
	"format_version": "1.12.0",
	"minecraft:geometry": [
		{
			"description": {
				"identifier": "geometry.jotarocoat",
				"texture_width": 64,
				"texture_height": 64,
				"visible_bounds_width": 3,
				"visible_bounds_height": 4.5,
				"visible_bounds_offset": [0, 1.75, 0]
			},
			"bones": [
				{
					"name": "helmet",
					"pivot": [0, 24, 0],
					"cubes": [
						{"origin": [-6, 23.5, -3.5], "size": [2, 4, 8], "pivot": [-5, 25.5, 0.5], "rotation": [-5, 0, 0], "uv": [44, 0]},
						{"origin": [4, 23.5, -3.5], "size": [2, 4, 8], "pivot": [5, 25.5, 0.5], "rotation": [-5, 0, 0], "uv": [44, 0], "mirror": true},
						{"origin": [4, 23.5, -3.5], "size": [2, 4, 8], "inflate": 0.1, "pivot": [5, 25.5, 0.5], "rotation": [-5, 0, 0], "uv": [44, 12], "mirror": true},
						{"origin": [-6, 23.5, -3.5], "size": [2, 4, 8], "inflate": 0.1, "pivot": [-5, 25.5, 0.5], "rotation": [-5, 0, 0], "uv": [44, 12]},
						{"origin": [-1, 23.25, -0.5], "size": [2, 4, 8], "pivot": [0, 25.25, 3.5], "rotation": [-90, 85, -90], "uv": [44, 0]},
						{"origin": [-1, 23.25, -0.5], "size": [2, 4, 8], "inflate": 0.1, "pivot": [0, 25.25, 3.5], "rotation": [-90, 85, -90], "uv": [44, 12]},
						{"origin": [-3.875, 24.3, -3.575], "size": [7.75, 9, 7.5], "inflate": 0.52, "pivot": [-0.25, 28.3, -0.075], "rotation": [-5, 0, 0], "uv": [32, 32]},
						{"origin": [-4, 24.275, -3.825], "size": [8, 8, 8], "inflate": 0.52, "pivot": [0, 28.275, 0.175], "rotation": [-5, 0, 0], "uv": [14, 48]}
					]
				},
				{
					"name": "chestplate",
					"pivot": [0, 24, 0],
					"cubes": [
						{"origin": [-4, 12, -2], "size": [8, 12, 4.2], "inflate": 0.6, "uv": [0, 0]},
						{"origin": [3.5, 13.5, 4.25], "size": [1, 10, 0], "pivot": [3.5, 13.5, 5.25], "rotation": [7.5, 0, 0], "uv": [21, 18]},
						{"origin": [0.5, 13.5, 4.25], "size": [2, 10, 0], "pivot": [1.5, 13.5, 5.25], "rotation": [7.5, 0, 0], "uv": [19, 28]},
						{"origin": [-4.5, 13.5, 4.25], "size": [1, 10, 0], "pivot": [-4.5, 13.5, 5.25], "rotation": [7.5, 0, 0], "uv": [21, 18]},
						{"origin": [-2.5, 13.5, 4.25], "size": [2, 10, 0], "pivot": [-2.5, 13.5, 5.25], "rotation": [7.5, 0, 0], "uv": [24, 23]},
						{"origin": [3.55, 22.5, -3.5], "size": [1, 2, 4], "inflate": 0.16, "uv": [28, 30], "mirror": true},
						{"origin": [3.55, 22.5, -3.5], "size": [1, 2, 4], "inflate": 0.06, "uv": [30, 24], "mirror": true},
						{"origin": [-4.55, 22.5, -3.5], "size": [1, 2, 4], "inflate": 0.16, "uv": [28, 30]},
						{"origin": [-4.55, 22.5, -3.5], "size": [1, 2, 4], "inflate": 0.06, "uv": [30, 24]},
						{"origin": [-3.75, 11.875, -1.55], "size": [7.6, 12, 3.5], "inflate": 0.6, "uv": [24, 1]}
					]
				},
				{
					"name": "trench2",
					"parent": "chestplate",
					"pivot": [-2, 14, 2.1],
					"cubes": [
						{"origin": [-4.11562, 1.9854, -2.025], "size": [4, 10, 4.3], "inflate": 0.32, "uv": [0, 32]},
						{"origin": [-3.86562, 1.9854, -2.025], "size": [3.75, 10, 4.05], "inflate": 0.32, "uv": [0, 50]}
					]
				},
				{
					"name": "trench",
					"parent": "chestplate",
					"pivot": [2, 14, 2.1],
					"cubes": [
						{"origin": [0.11562, 1.9854, -2.025], "size": [4, 10, 4.3], "inflate": 0.32, "uv": [0, 32], "mirror": true},
						{"origin": [0.11562, 1.9854, -2.025], "size": [3.75, 10, 4.05], "inflate": 0.32, "uv": [0, 50], "mirror": true}
					]
				},
				{
					"name": "rightBoot",
					"pivot": [-1.9, 12, 0]
				},
				{
					"name": "leftBoot",
					"pivot": [1.9, 12, 0]
				},
				{
					"name": "rightLeg",
					"pivot": [-1.9, 12, 0]
				},
				{
					"name": "leftLeg",
					"pivot": [1.9, 12, 0]
				},
				{
					"name": "leftArm",
					"pivot": [5, 22, 0],
					"cubes": [
						{"origin": [4, 12, -2], "size": [4, 12, 4], "inflate": 0.32, "uv": [0, 16]},
						{"origin": [4, 12.5, -2], "size": [4, 3, 4], "inflate": 0.5, "uv": [46, 57]}
					]
				},
				{
					"name": "rightArm",
					"pivot": [-5, 22, 0],
					"cubes": [
						{"origin": [-8, 12, -2], "size": [4, 12, 4], "inflate": 0.32, "uv": [0, 16], "mirror": true},
						{"origin": [-8, 12.5, -2], "size": [4, 3, 4], "inflate": 0.5, "uv": [46, 57], "mirror": true}
					]
				}
			]
		}
	]
}