{
	"format_version": "1.12.0",
	"minecraft:geometry": [
		{
			"description": {
				"identifier": "geometry.clothing_base",
				"texture_width": 96,
				"texture_height": 96,
				"visible_bounds_width": 3,
				"visible_bounds_height": 4.5,
				"visible_bounds_offset": [0, 1.75, 0]
			},
			"bones": [
				{
					"name": "chestplate",
					"pivot": [0, 24, 0],
					"cubes": [
						{"origin": [-4, 12, -2], "size": [8, 2, 4], "inflate": 0.29, "uv": [52, 6]}
					]
				},
				{
					"name": "gunbelt",
					"parent": "chestplate",
					"pivot": [0, 13.5, 0],
					"cubes": [
						{"origin": [-4.2, 11.5, -2], "size": [8.2, 1, 4], "inflate": 0.7, "pivot": [0.4, 12.5, 0], "rotation": [0, 0, -5], "uv": [52, 12]},
						{"origin": [-4.95, 11.25, -2.75], "size": [9.7, 1.5, 5.5], "pivot": [0.4, 12.5, 0], "rotation": [0, 0, -5], "uv": [52, 0]},
						{"origin": [-1.45, 10.35, -3.05], "size": [2.7, 3.5, 1], "pivot": [0.9, 13.6, 0.7], "rotation": [0, 0, -5], "uv": [64, 71]},
						{"origin": [-6, 9.8, 0.5], "size": [2, 2, 1], "uv": [64, 75]},
						{"origin": [-6, 6.8, -1.5], "size": [2, 6, 2], "uv": [72, 54]}
					]
				},
				{
					"name": "rightLeg",
					"pivot": [-1.9, 12, 0],
					"cubes": [
						{"origin": [-4, 0, -2], "size": [4, 12, 4], "inflate": 0.291, "uv": [56, 48]},
						{"origin": [-4, 2, -2], "size": [4, 10, 4], "inflate": 0.45, "uv": [32, 61]}
					]
				},
				{
					"name": "rightBoot",
					"pivot": [-1.9, 12, 0],
					"cubes": [
						{"origin": [-4, 0, -2], "size": [4, 2, 4], "inflate": 0.35, "uv": [68, 40]},
						{"origin": [-4, 0, -2], "size": [4, 2, 4], "inflate": 0.5, "uv": [70, 64]},
						{"origin": [-4.4, 1.5, 0], "size": [5, 1, 3], "inflate": 0.1, "pivot": [-1.9, 2, 2], "rotation": [17.5, 0, 0], "uv": [0, 72]},
						{"origin": [-1.9, 2.37898, 2.7108], "size": [1, 2, 3], "pivot": [-3.9, 3.37898, 4.7108], "rotation": [17.5, 0, 0], "uv": [30, 75]},
						{"origin": [-4.4, 1, -3], "size": [5, 2, 4], "inflate": 0.101, "pivot": [-1.9, 2, -2], "rotation": [-17.5, 0, 0], "uv": [68, 34]}
					]
				},
				{
					"name": "leftLeg",
					"pivot": [1.9, 12, 0],
					"cubes": [
						{"origin": [0, 2, -2], "size": [4, 10, 4], "inflate": 0.45, "uv": [32, 61], "mirror": true},
						{"origin": [0, 0, -2], "size": [4, 12, 4], "inflate": 0.291, "uv": [56, 48], "mirror": true}
					]
				},
				{
					"name": "helmet",
					"pivot": [0, 24, 0],
					"cubes": [
						{"origin": [-4, 30, -4], "size": [8, 3, 8], "inflate": 0.6, "uv": [36, 17]},
						{"origin": [-4, 30, -4], "size": [8, 3, 8], "inflate": 0.75, "uv": [36, 28]},
						{"origin": [-4, 30, -4], "size": [8, 0, 8], "inflate": 0.8, "uv": [36, 39]},
						{"origin": [-4.8, 24.2, -3.4], "size": [0, 5, 1], "uv": [44, 75]},
						{"origin": [-3.75, 31.5, -5.5], "size": [3, 3, 0], "pivot": [-1.75, 32.5, -5.5], "rotation": [0, 0, 132.5], "uv": [48, 61]},
						{"origin": [0.75, 31.5, -5.5], "size": [3, 3, 0], "pivot": [1.75, 32.5, -5.5], "rotation": [0, 0, -132.5], "uv": [48, 61], "mirror": true},
						{"origin": [-1, 30.3, -5.8], "size": [2, 3, 1], "uv": [38, 75]},
						{"origin": [-5, 29.2, -8], "size": [10, 1, 16], "inflate": 0.01, "uv": [0, 0]},
						{"origin": [4.92079, 29.16721, -7], "size": [4, 1, 14], "inflate": 0.01, "pivot": [4.9227, 29.25444, 0], "rotation": [0, 0, -70], "uv": [0, 17]},
						{"origin": [4.8, 24.2, -3.4], "size": [0, 5, 1], "uv": [46, 75]},
						{"origin": [-8.92079, 29.16721, -7], "size": [4, 1, 14], "inflate": 0.01, "pivot": [-4.9227, 29.25444, 0], "rotation": [0, 0, 70], "uv": [0, 17], "mirror": true}
					]
				},
				{
					"name": "leftBoot",
					"pivot": [-1.9, 12, 0],
					"cubes": [
						{"origin": [0, 0, -2], "size": [4, 2, 4], "inflate": 0.5, "uv": [70, 64], "mirror": true},
						{"origin": [0, 0, -2], "size": [4, 2, 4], "inflate": 0.35, "uv": [68, 40], "mirror": true},
						{"origin": [-0.6, 1.5, 0], "size": [5, 1, 3], "inflate": 0.1, "pivot": [1.9, 2, 2], "rotation": [17.5, 0, 0], "uv": [0, 72], "mirror": true},
						{"origin": [0.9, 2.37898, 2.7108], "size": [1, 2, 3], "pivot": [3.9, 3.37898, 4.7108], "rotation": [17.5, 0, 0], "uv": [30, 75], "mirror": true},
						{"origin": [-0.6, 1, -3], "size": [5, 2, 4], "inflate": 0.101, "pivot": [1.9, 2, -2], "rotation": [-17.5, 0, 0], "uv": [68, 34], "mirror": true}
					]
				},
				{
					"name": "leftArm",
					"pivot": [5, 22, 0],
					"cubes": [
						{"origin": [4, 11.8, -2], "size": [4, 6, 4], "inflate": 0.5, "uv": [0, 62], "mirror": true},
						{"origin": [4, 11.8, -2], "size": [4, 6, 4], "inflate": 0.7, "uv": [68, 24], "mirror": true}
					]
				},
				{
					"name": "rightArm",
					"pivot": [-5, 22, 0],
					"cubes": [
						{"origin": [-8, 11.8, -2], "size": [4, 6, 4], "inflate": 0.5, "uv": [0, 62]},
						{"origin": [-8, 11.8, -2], "size": [4, 6, 4], "inflate": 0.7, "uv": [68, 24]}
					]
				}
			]
		}
	]
}