{
	"format_version": "1.12.0",
	"minecraft:geometry": [
		{
			"description": {
				"identifier": "geometry.clothing_base",
				"texture_width": 64,
				"texture_height": 64,
				"visible_bounds_width": 3,
				"visible_bounds_height": 4.5,
				"visible_bounds_offset": [0, 1.75, 0]
			},
			"bones": [
				{
					"name": "helmet",
					"pivot": [0, 24, 0],
					"cubes": [
						{"origin": [-4, 24, -4], "size": [8, 8, 8], "inflate": 0.52, "uv": [0, 16]},
						{"origin": [-4, 24, -4], "size": [8, 8, 8], "inflate": 0.75, "uv": [0, 0]}
					]
				},
				{
					"name": "chestplate",
					"pivot": [0, 24, 0],
					"cubes": [
						{"origin": [-4, 12, -2], "size": [8, 12, 4], "inflate": 0.31, "uv": [0, 32]},
						{"origin": [-4, 12, -2], "size": [8, 12, 4], "inflate": 0.45, "uv": [32, 0]},
						{"origin": [-5.25, 10, -2], "size": [1, 4, 4], "uv": [54, 56]}
					]
				},
				{
					"name": "leftArm",
					"pivot": [5, 22, 0],
					"cubes": [
						{"origin": [4, 11.9, -2], "size": [4, 12, 4], "inflate": 0.3, "uv": [24, 32], "mirror": true},
						{"origin": [4, 11.8, -2], "size": [4, 12, 4], "inflate": 0.4, "uv": [32, 16], "mirror": true}
					]
				},
				{
					"name": "rightArm",
					"pivot": [-5, 22, 0],
					"cubes": [
						{"origin": [-8, 11.9, -2], "size": [4, 12, 4], "inflate": 0.3, "uv": [24, 32]},
						{"origin": [-8, 11.8, -2], "size": [4, 12, 4], "inflate": 0.4, "uv": [32, 16]}
					]
				},
				{
					"name": "rightLeg",
					"pivot": [-1.9, 12, 0],
					"cubes": [
						{"origin": [-4, 0, -2], "size": [4, 12, 4], "inflate": 0.291, "uv": [0, 48]},
						{"origin": [-4, 0, -2], "size": [4, 12, 4], "inflate": 0.45, "uv": [40, 32]}
					]
				},
				{
					"name": "rightBoot",
					"pivot": [-1.9, 12, 0],
					"cubes": [
						{"origin": [-4, 0, -2], "size": [4, 2, 4], "inflate": 0.35, "uv": [16, 48]},
						{"origin": [-4, 0, -2], "size": [4, 2, 4], "inflate": 0.48, "uv": [48, 16]}
					]
				},
				{
					"name": "leftLeg",
					"pivot": [1.9, 12, 0],
					"cubes": [
						{"origin": [0, 0, -2], "size": [4, 12, 4], "inflate": 0.45, "uv": [40, 32], "mirror": true},
						{"origin": [0, 0, -2], "size": [4, 12, 4], "inflate": 0.291, "uv": [0, 48], "mirror": true}
					]
				},
				{
					"name": "leftBoot",
					"pivot": [1.9, 12, 0],
					"cubes": [
						{"origin": [0, 0, -2], "size": [4, 2, 4], "inflate": 0.35, "uv": [16, 48], "mirror": true},
						{"origin": [0, 0, -2], "size": [4, 2, 4], "inflate": 0.48, "uv": [48, 16], "mirror": true}
					]
				}
			]
		}
	]
}