{
	"format_version": "1.12.0",
	"minecraft:geometry": [
		{
			"description": {
				"identifier": "geometry.clothing_base",
				"texture_width": 64,
				"texture_height": 64,
				"visible_bounds_width": 3,
				"visible_bounds_height": 4.5,
				"visible_bounds_offset": [0, 1.75, 0]
			},
			"bones": [
				{
					"name": "helmet",
					"pivot": [0, 24, 0]
				},
				{
					"name": "chestplate",
					"pivot": [0, 24, 0],
					"cubes": [
						{"origin": [-4, 12, -2], "size": [8, 12, 4.2], "inflate": 0.75, "uv": [0, 16]},
						{"origin": [-0.55, 24.2, -7.9], "size": [4, 3, 7], "pivot": [-3.5, 25.2, -1], "rotation": [0, -90, 0], "uv": [0, 54], "mirror": true},
						{"origin": [-7, 25.7, -3], "size": [4, 3, 8], "inflate": 0.1, "pivot": [0, 26.7, 3], "rotation": [0, 0, -25], "uv": [24, 33]},
						{"origin": [2.85, 25.7, -3], "size": [4, 3, 8], "inflate": 0.1, "pivot": [-0.15, 26.7, 3], "rotation": [0, 0, 25], "uv": [24, 33], "mirror": true},
						{"origin": [-0.55, 24.2, -7.9], "size": [4, 3, 7], "inflate": 0.1, "pivot": [-3.5, 25.2, -1], "rotation": [0, -90, 0], "uv": [24, 54], "mirror": true},
						{"origin": [2.85, 25.7, -3], "size": [4, 3, 8], "pivot": [-0.15, 26.7, 3], "rotation": [0, 0, 25], "uv": [0, 33], "mirror": true},
						{"origin": [-7, 25.7, -3], "size": [4, 3, 8], "pivot": [0, 26.7, 3], "rotation": [0, 0, -25], "uv": [0, 33]},
						{"origin": [-4, 12, -2], "size": [8, 12, 4.2], "inflate": 0.6, "uv": [0, 0]}
					]
				},
				{
					"name": "tie",
					"parent": "chestplate",
					"pivot": [0, 23, -2.475],
					"cubes": [
						{"origin": [-1, 21, -2.975], "size": [2, 1, 1], "uv": [24, 21]}
					]
				},
				{
					"name": "tie2",
					"parent": "tie",
					"pivot": [0, 22, -2.725],
					"cubes": [
						{"origin": [-2, 23, 2.025], "size": [4, 11, 0], "pivot": [0, 24, 1.75], "rotation": [-35, 0, 0], "uv": [56, 53]},
						{"origin": [-2, 23, 2.025], "size": [4, 11, 0], "pivot": [0, 24, 1.75], "rotation": [-24.23178, 26.06465, 44.31081], "uv": [56, 53]},
						{"origin": [-2, 23, 2.025], "size": [4, 11, 0], "pivot": [0, 24, 1.75], "rotation": [-24.23178, -26.06465, -44.31081], "uv": [56, 53], "mirror": true},
						{"origin": [-2, 19, -2.975], "size": [4, 5, 1], "uv": [36, 20]}
					]
				},
				{
					"name": "leftArm",
					"pivot": [5, 22, 0],
					"cubes": [
						{"origin": [4, 12, -2], "size": [4, 12, 4], "inflate": 0.55, "uv": [40, 0]},
						{"origin": [4, 12, -2], "size": [4, 12, 4], "inflate": 0.45, "uv": [24, 0]}
					]
				},
				{
					"name": "rightArm",
					"pivot": [-5, 22, 0],
					"cubes": [
						{"origin": [-8, 12, -2], "size": [4, 12, 4], "inflate": 0.55, "uv": [40, 0], "mirror": true},
						{"origin": [-8, 12, -2], "size": [4, 12, 4], "inflate": 0.45, "uv": [24, 0], "mirror": true}
					]
				},
				{
					"name": "rightLeg",
					"pivot": [-1.9, 12, 0]
				},
				{
					"name": "rightBoot",
					"pivot": [-1.9, 12, 0]
				},
				{
					"name": "leftLeg",
					"pivot": [1.9, 12, 0]
				},
				{
					"name": "leftBoot",
					"pivot": [1.9, 12, 0]
				}
			]
		}
	]
}