{
	"format_version": "1.12.0",
	"minecraft:geometry": [
		{
			"description": {
				"identifier": "geometry.theworld",
				"texture_width": 128,
				"texture_height": 128,
				"visible_bounds_width": 3,
				"visible_bounds_height": 4.5,
				"visible_bounds_offset": [0, 1.75, 0]
			},
			"bones": [
				{
					"name": "base",
					"pivot": [0, 19.25, 0]
				},
				{
					"name": "Stand",
					"parent": "base",
					"pivot": [0, 0, 0]
				},
				{
					"name": "torso",
					"parent": "Stand",
					"pivot": [0, 20.45, 0]
				},
				{
					"name": "legRight",
					"parent": "torso",
					"pivot": [-2, 12.95, 0],
					"cubes": [
						{"origin": [-4, 6.95, -2], "size": [4, 6, 4], "uv": [16, 47]},
						{"origin": [-4, 6.95, -2], "size": [4, 6, 4], "inflate": 0.249, "uv": [48, 56]},
						{"origin": [-4, 6.75, -2], "size": [4, 1, 4], "inflate": 0.155, "uv": [60, 7]},
						{"origin": [-0.5, 6.25, -1], "size": [1, 2, 2], "pivot": [0, 7.25, 0], "rotation": [45, 0, 0], "uv": [36, 65], "mirror": true},
						{"origin": [-3.18033, 6.57594, -2.96189], "size": [1, 1, 1], "pivot": [-2.18033, 7.32594, -2.46189], "rotation": [0, 0, 135], "uv": [38, 97]},
						{"origin": [-2.18033, 6.57594, -2.96189], "size": [1, 2, 1], "pivot": [-2.18033, 7.32594, -2.46189], "rotation": [0, 0, 135], "uv": [34, 96]}
					]
				},
				{
					"name": "lower_legRight",
					"parent": "legRight",
					"pivot": [-2, 6.95, -0.10625],
					"cubes": [
						{"origin": [-4, -0.05, -2], "size": [4, 7, 4], "uv": [34, 46]},
						{"origin": [-4, -0.15, -2], "size": [4, 7, 4], "inflate": 0.2, "uv": [0, 47]},
						{"origin": [-4, 1.2, -2.1], "size": [4, 6, 1], "inflate": 0.25, "pivot": [-2, 3.7, -1.6], "rotation": [2.5, 0, 0], "uv": [36, 57]},
						{"origin": [-0.5, 0.95, -0.75], "size": [1, 2, 2], "pivot": [-2, 1.95, 0.25], "rotation": [45, 0, 0], "uv": [36, 65], "mirror": true}
					]
				},
				{
					"name": "legLeft",
					"parent": "torso",
					"pivot": [2, 12.95, 0],
					"cubes": [
						{"origin": [0, 6.95, -2], "size": [4, 6, 4], "uv": [16, 47], "mirror": true},
						{"origin": [0, 6.95, -2], "size": [4, 6, 4], "inflate": 0.249, "uv": [48, 56], "mirror": true},
						{"origin": [0, 6.75, -2], "size": [4, 1, 4], "inflate": 0.155, "uv": [60, 7], "mirror": true},
						{"origin": [-0.5, 5.95, -1], "size": [1, 2, 2], "pivot": [0, 6.95, 0], "rotation": [45, 0, 0], "uv": [36, 65]},
						{"origin": [2.18033, 6.57594, -2.96189], "size": [1, 1, 1], "pivot": [2.18033, 7.32594, -2.46189], "rotation": [0, 0, -127.5], "uv": [38, 97], "mirror": true},
						{"origin": [1.18033, 6.57594, -2.96189], "size": [1, 2, 1], "pivot": [2.18033, 7.32594, -2.46189], "rotation": [0, 0, -127.5], "uv": [34, 96], "mirror": true}
					]
				},
				{
					"name": "lower_legLeft",
					"parent": "legLeft",
					"pivot": [2, 6.95, -0.10625],
					"cubes": [
						{"origin": [0, -0.05, -2], "size": [4, 7, 4], "uv": [34, 46], "mirror": true},
						{"origin": [0, -0.15, -2], "size": [4, 7, 4], "inflate": 0.2, "uv": [0, 47], "mirror": true},
						{"origin": [0, 1.2, -2.1], "size": [4, 6, 1], "inflate": 0.25, "pivot": [2, 3.7, -1.6], "rotation": [2.5, 0, 0], "uv": [36, 57], "mirror": true},
						{"origin": [-0.5, 0.95, -0.75], "size": [1, 2, 2], "pivot": [2, 1.95, 0.25], "rotation": [45, 0, 0], "uv": [36, 65]}
					]
				},
				{
					"name": "body",
					"parent": "torso",
					"pivot": [0, 13.1375, 0],
					"cubes": [
						{"origin": [-4, 12.95, -2], "size": [8, 7, 4], "uv": [34, 26]},
						{"origin": [-4, 12.95, -2], "size": [8, 7, 4], "inflate": 0.25, "uv": [36, 0]},
						{"origin": [-3.84434, 14.76653, -2.5], "size": [2, 5, 1], "pivot": [0.2, 17.13362, -2], "rotation": [2.49762, 0.10901, -2.49762], "uv": [0, 66]},
						{"origin": [-4.24434, 14.76653, -2.5], "size": [2, 5, 1], "pivot": [0.2, 17.13362, -2], "rotation": [2.49762, 0.10901, -2.49762], "uv": [6, 66]},
						{"origin": [2.24434, 14.76653, -2.5], "size": [2, 5, 1], "pivot": [-0.2, 17.13362, -2], "rotation": [2.49762, -0.10901, 2.49762], "uv": [6, 66], "mirror": true},
						{"origin": [-4.24434, 14.76653, 1.5], "size": [2, 5, 1], "pivot": [0.2, 17.13362, 2], "rotation": [-2.49762, -0.10901, -2.49762], "uv": [6, 66]},
						{"origin": [2.24434, 14.76653, 1.5], "size": [2, 5, 1], "pivot": [-0.2, 17.13362, 2], "rotation": [-2.49762, 0.10901, 2.49762], "uv": [6, 66], "mirror": true},
						{"origin": [-3.84434, 14.71653, 1.7], "size": [2, 5, 1], "pivot": [0.2, 17.08362, 2.2], "rotation": [-4.99527, -0.21782, -2.4905], "uv": [0, 66]},
						{"origin": [1.84434, 14.71653, 1.7], "size": [2, 5, 1], "pivot": [-0.2, 17.08362, 2.2], "rotation": [-4.99527, 0.21782, 2.4905], "uv": [0, 66], "mirror": true},
						{"origin": [1.84434, 14.76653, -2.5], "size": [2, 5, 1], "pivot": [-0.2, 17.13362, -2], "rotation": [2.49762, -0.10901, 2.49762], "uv": [0, 66], "mirror": true}
					]
				},
				{
					"name": "belt",
					"parent": "body",
					"pivot": [0, 0.5, 1],
					"cubes": [
						{"origin": [-1.18033, 13.82594, -2.76189], "size": [1, 1, 1], "pivot": [-0.18033, 14.57594, -2.26189], "rotation": [-1.76833, 1.76749, 44.97272], "uv": [38, 97]},
						{"origin": [-0.18033, 13.82594, -2.76189], "size": [1, 2, 1], "pivot": [-0.18033, 14.57594, -2.26189], "rotation": [-1.76833, 1.76749, 44.97272], "uv": [34, 96]},
						{"origin": [-1.5, 11.8153, -2.2533], "size": [3, 2, 1], "pivot": [0.01967, 13.0859, -1.56189], "rotation": [90, 0, 0], "uv": [69, 125]},
						{"origin": [-1.5, 10.5, -7.5], "size": [3, 1, 1], "pivot": [1.51967, 22.07594, -8.76189], "rotation": [27.5, 0, 0], "uv": [69, 125]},
						{"origin": [2.75266, 12.28899, -1.15], "size": [2, 3, 3], "pivot": [3.75266, 13.78899, 0.35], "rotation": [46.62962, 4.92385, -10.03742], "uv": [66, 46], "mirror": true},
						{"origin": [-4.75266, 12.28899, -1.15], "size": [2, 3, 3], "pivot": [-3.75266, 13.78899, 0.35], "rotation": [46.62962, -4.92385, 10.03742], "uv": [66, 46]}
					]
				},
				{
					"name": "upperBody",
					"parent": "body",
					"pivot": [0, 19.75, 0],
					"cubes": [
						{"origin": [-4.5, 19.95, -2.5], "size": [9, 6, 5], "uv": [34, 15]},
						{"origin": [-4.40773, 19.50025, -3], "size": [2.3, 8, 1], "pivot": [-3.17319, 21.27349, -1.25], "rotation": [0, 0, -5], "uv": [64, 69]},
						{"origin": [-4.58291, 19.43631, -2.75], "size": [2.5, 7, 6], "pivot": [-3.40791, 22.98631, -2.5], "rotation": [0.43688, 4.98093, 2.519], "uv": [48, 69]},
						{"origin": [2.08291, 19.43631, -2.75], "size": [2.5, 7, 6], "pivot": [3.40791, 22.98631, -2.5], "rotation": [0.43688, -4.98093, -2.519], "uv": [48, 69], "mirror": true},
						{"origin": [-4.40773, 19.50025, 2], "size": [2.3, 8, 1], "pivot": [-3.17319, 21.27349, 1.25], "rotation": [0, 0, -5], "uv": [64, 69]},
						{"origin": [-4.50873, 25.50025, -2], "size": [2.3, 2, 4], "pivot": [-3.27319, 22.27349, -1.25], "rotation": [0, 0, -5], "uv": [16, 63]},
						{"origin": [2.10773, 19.50025, -3], "size": [2.3, 8, 1], "pivot": [3.17319, 21.27349, -1.25], "rotation": [0, 0, 5], "uv": [64, 69], "mirror": true},
						{"origin": [2.20873, 25.50025, -2], "size": [2.3, 2, 4], "pivot": [3.27319, 22.27349, -1.25], "rotation": [0, 0, 5], "uv": [16, 63], "mirror": true},
						{"origin": [2.10773, 19.50025, 2], "size": [2.3, 8, 1], "pivot": [3.17319, 21.27349, 1.25], "rotation": [0, 0, 5], "uv": [64, 69], "mirror": true}
					]
				},
				{
					"name": "canisterRight",
					"parent": "upperBody",
					"pivot": [-1.6288, 22.74811, 3.34515],
					"rotation": [-176.73794, -39.95426, 177.90385],
					"cubes": [
						{"origin": [-2.6288, 17.74811, 2.34515], "size": [2, 8, 2], "inflate": 0.05, "uv": [52, 107]}
					]
				},
				{
					"name": "canisterLeft",
					"parent": "upperBody",
					"pivot": [1.6288, 22.74811, 3.34515],
					"rotation": [-176.73794, 39.95426, -177.90385],
					"cubes": [
						{"origin": [0.6288, 17.74811, 2.34515], "size": [2, 8, 2], "inflate": 0.05, "uv": [52, 107], "mirror": true}
					]
				},
				{
					"name": "head",
					"parent": "upperBody",
					"pivot": [0, 25.95, 0],
					"cubes": [
						{"origin": [-4, 25.95, -4], "size": [8, 8, 8], "inflate": 0.3, "uv": [0, 15]},
						{"origin": [-4, 25.95, -4], "size": [8, 8, 8], "uv": [0, 31]},
						{"origin": [-4.4378, 35.77993, 0.4467], "size": [8.9, 2.825, 7.7], "inflate": 0.048, "pivot": [0.04472, 35.69243, 7.05666], "rotation": [71.69853, 0, 0], "uv": [1, 119]}
					]
				},
				{
					"name": "Helmet",
					"parent": "head",
					"pivot": [0.01201, 31.24593, 0.27947],
					"rotation": [6.75, 0, 0],
					"cubes": [
						{"origin": [2.03351, 25.63033, 1.48584], "size": [4, 1, 4], "inflate": 0.16, "pivot": [3.78351, 26.13033, 3.48584], "rotation": [-2.98405, -24.59608, -36.95263], "uv": [62, 17], "mirror": true},
						{"origin": [-6.03351, 25.63033, 1.48584], "size": [4, 1, 4], "inflate": 0.16, "pivot": [-3.78351, 26.13033, 3.48584], "rotation": [-2.98405, 24.59608, 36.95263], "uv": [62, 17]},
						{"origin": [-4.47678, 28.47248, -4.27678], "size": [9, 6.5, 9.3], "inflate": 0.01, "uv": [0, 0]},
						{"origin": [-4.46778, 35.83, 6.0793], "size": [9, 2.225, 1.825], "uv": [36, 11]},
						{"origin": [-4.46778, 28.02993, -1.69334], "size": [9, 10.825, 2.7], "inflate": -0.0001, "pivot": [0.04472, 34.94243, -0.19334], "rotation": [106.5, 0, 0], "uv": [106, 116]},
						{"origin": [-0.35493, 30.48593, -4.21353], "size": [4.875, 4.5, 1.75], "pivot": [4.61452, 34.99937, -4.20338], "rotation": [0, -22.5, 0], "uv": [66, 52], "mirror": true},
						{"origin": [-0.35943, 28.45593, -4.20664], "size": [1.225, 2.075, 1.75], "inflate": 0.005, "pivot": [4.61452, 34.97143, -4.17855], "rotation": [0, -22.5, 0], "uv": [54, 37], "mirror": true},
						{"origin": [0.88507, 28.48093, -4.20853], "size": [3.625, 1, 1.75], "inflate": 0.005, "pivot": [4.61452, 34.99937, -4.20338], "rotation": [0, -22.5, 0], "uv": [64, 65], "mirror": true},
						{"origin": [3.41659, 29.48093, -4.21619], "size": [1.1, 1, 1.75], "inflate": 0.005, "pivot": [4.59605, 34.98937, -4.21103], "rotation": [0, -22.5, 0], "uv": [54, 42], "mirror": true},
						{"origin": [-4.37573, 30.48593, -4.7414], "size": [4.875, 4.5, 1.75], "pivot": [-3.18823, 32.23593, -4.2414], "rotation": [0, 22.5, 0], "uv": [66, 52]},
						{"origin": [-0.74177, 28.45593, -4.84779], "size": [1.225, 2.075, 1.75], "inflate": 0.005, "pivot": [-2.91377, 31.20299, -4.32485], "rotation": [0, 22.5, 0], "uv": [54, 37]},
						{"origin": [-4.3692, 28.47093, -4.7387], "size": [3.65, 1, 1.75], "inflate": 0.005, "pivot": [-3.18169, 30.22093, -4.2387], "rotation": [0, 22.5, 0], "uv": [64, 65]},
						{"origin": [-4.3692, 29.48093, -4.7387], "size": [1.1, 1, 1.75], "inflate": 0.005, "pivot": [-3.18169, 31.23093, -4.2387], "rotation": [0, 22.5, 0], "uv": [54, 42]}
					]
				},
				{
					"name": "eyebrows",
					"parent": "head",
					"pivot": [0, 30.35, -4.05]
				},
				{
					"name": "browRight",
					"parent": "eyebrows",
					"pivot": [-3.51579, 30.46679, -4.051],
					"cubes": [
						{"origin": [-3.49079, 29.96679, -4.051], "size": [3, 1, 1], "uv": [56, 12]}
					]
				},
				{
					"name": "browLeft",
					"parent": "eyebrows",
					"pivot": [3.51579, 30.46679, -4.051],
					"cubes": [
						{"origin": [0.49079, 29.96679, -4.051], "size": [3, 1, 1], "uv": [56, 12], "mirror": true}
					]
				},
				{
					"name": "eyes",
					"parent": "head",
					"pivot": [0, 28.45, -4.025]
				},
				{
					"name": "eyeRight",
					"parent": "eyes",
					"pivot": [-1.5, 29.45, -3.501],
					"cubes": [
						{"origin": [-2, 28.95, -4.026], "size": [1, 1, 1], "uv": [54, 40]}
					]
				},
				{
					"name": "eyeLeft",
					"parent": "eyes",
					"pivot": [1.5, 29.45, -3.501],
					"cubes": [
						{"origin": [1, 28.95, -4.026], "size": [1, 1, 1], "uv": [54, 40], "mirror": true}
					]
				},
				{
					"name": "armRight",
					"parent": "upperBody",
					"pivot": [-4.65, 25, 0],
					"cubes": [
						{"origin": [-9.00266, 23.03899, -1.4], "size": [2, 3, 3], "pivot": [-8.00266, 24.53899, 0.1], "rotation": [0, 0, 10], "uv": [66, 46]},
						{"origin": [-7.4, 19.65, -2], "size": [3, 6, 4], "inflate": 0.15, "uv": [50, 46]},
						{"origin": [-8.11258, 23.0825, -1.99166], "size": [3, 3, 4], "inflate": 0.35, "pivot": [-7.11258, 24.5825, 0.00834], "rotation": [0, 0, -5], "uv": [60, 0]},
						{"origin": [-7.4, 19.6, -2], "size": [3, 1, 4], "inflate": 0.18, "uv": [63, 12]},
						{"origin": [-7.58375, 21.0412, -1.99166], "size": [3, 3, 4], "inflate": 0.3, "pivot": [-6.58375, 22.5412, 0.00834], "rotation": [0, 0, -5], "uv": [1, 58]}
					]
				},
				{
					"name": "lower_armRight",
					"parent": "armRight",
					"pivot": [-6.45, 19.6, 0.2],
					"cubes": [
						{"origin": [-7.4, 13.65, -2], "size": [3, 6, 4], "inflate": -0.05, "uv": [59, 26]},
						{"origin": [-7.4, 13.65, -2], "size": [3, 6, 4], "inflate": 0.2, "uv": [59, 36]},
						{"origin": [-7.92225, 19.41936, -2], "size": [3, 2, 4], "inflate": 0.3, "pivot": [-6.92225, 22.61936, 0], "rotation": [0, 0, -10], "uv": [75, 36]},
						{"origin": [-8.25, 14.63173, -1.01777], "size": [1, 2, 2], "pivot": [-8.75, 15.63173, -0.01777], "rotation": [135, 0, 0], "uv": [42, 65]}
					]
				},
				{
					"name": "armLeft",
					"parent": "upperBody",
					"pivot": [4.65, 25, 0],
					"cubes": [
						{"origin": [7.00266, 23.03899, -1.4], "size": [2, 3, 3], "pivot": [8.00266, 24.53899, 0.1], "rotation": [0, 0, -10], "uv": [66, 46], "mirror": true},
						{"origin": [4.4, 19.65, -2], "size": [3, 6, 4], "inflate": 0.15, "uv": [50, 46], "mirror": true},
						{"origin": [5.11258, 23.0825, -1.99166], "size": [3, 3, 4], "inflate": 0.35, "pivot": [7.11258, 24.5825, 0.00834], "rotation": [0, 0, 5], "uv": [60, 0], "mirror": true},
						{"origin": [4.4, 19.6, -2], "size": [3, 1, 4], "inflate": 0.18, "uv": [63, 12], "mirror": true},
						{"origin": [4.58375, 21.0412, -1.99166], "size": [3, 3, 4], "inflate": 0.3, "pivot": [6.58375, 22.5412, 0.00834], "rotation": [0, 0, 5], "uv": [1, 58], "mirror": true}
					]
				},
				{
					"name": "lower_armLeft",
					"parent": "armLeft",
					"pivot": [6.45, 19.6, 0.2],
					"cubes": [
						{"origin": [4.4, 13.65, -2], "size": [3, 6, 4], "inflate": -0.05, "uv": [59, 26], "mirror": true},
						{"origin": [4.4, 13.65, -2], "size": [3, 6, 4], "inflate": 0.2, "uv": [59, 36], "mirror": true},
						{"origin": [4.92225, 19.41936, -2], "size": [3, 2, 4], "inflate": 0.3, "pivot": [6.92225, 22.61936, 0], "rotation": [0, 0, 10], "uv": [74, 36], "mirror": true},
						{"origin": [7.25, 14.63173, -1.01777], "size": [1, 2, 2], "pivot": [8.75, 15.63173, -0.01777], "rotation": [135, 0, 0], "uv": [42, 65], "mirror": true}
					]
				},
				{
					"name": "BAM",
					"parent": "base",
					"pivot": [0, 19, -1]
				},
				{
					"name": "barrage_right_arm",
					"parent": "BAM",
					"pivot": [-11.25105, 27.8125, -0.74843],
					"cubes": [
						{"origin": [-12.12993, 24.375, 0.88384], "size": [3, 7.25, 4], "inflate": -0.051, "pivot": [-11.12993, 28, 2.88384], "rotation": [-75, 0, 90], "uv": [80, 0]},
						{"origin": [-14, 25, -5.25], "size": [3, 6, 4], "inflate": 0.2, "pivot": [-12, 28, -3.25], "rotation": [-90, 0, -90], "uv": [96, 11], "mirror": true},
						{"origin": [-11.5, 29.38173, -5.26777], "size": [1, 2, 2], "pivot": [-12, 30.38173, -4.26777], "rotation": [45, 0, 90], "uv": [93, 11]},
						{"origin": [-12, 22.875, -2.125], "size": [3, 6.25, 4], "inflate": -0.05, "pivot": [-11, 28, -1.125], "rotation": [-90, 0, 90], "uv": [80, 11]}
					]
				},
				{
					"name": "barrage_right_arm2",
					"parent": "BAM",
					"pivot": [-13, 19, 0],
					"cubes": [
						{"origin": [-13, 14.875, -2.125], "size": [3, 6.25, 4], "inflate": -0.05, "pivot": [-12, 20, -1.125], "rotation": [-90, 0, 90], "uv": [80, 11]},
						{"origin": [-15, 17, -5.25], "size": [3, 6, 4], "inflate": 0.2, "pivot": [-13, 20, -3.25], "rotation": [-90, 0, -90], "uv": [96, 11], "mirror": true},
						{"origin": [-12.5, 21.38173, -5.26777], "size": [1, 2, 2], "pivot": [-13, 22.38173, -4.26777], "rotation": [45, 0, 90], "uv": [93, 11]},
						{"origin": [-13.12993, 16.375, 0.88384], "size": [3, 7.25, 4], "inflate": -0.051, "pivot": [-12.12993, 20, 2.88384], "rotation": [-75, 0, 90], "uv": [80, 0]}
					]
				},
				{
					"name": "barrage_right_arm3",
					"parent": "BAM",
					"pivot": [-12, 10, 0],
					"cubes": [
						{"origin": [-12, 5.875, -2.125], "size": [3, 6.25, 4], "inflate": -0.05, "pivot": [-11, 11, -1.125], "rotation": [-90, 0, 90], "uv": [80, 11]},
						{"origin": [-14, 8, -5.25], "size": [3, 6, 4], "inflate": 0.2, "pivot": [-12, 11, -3.25], "rotation": [-90, 0, -90], "uv": [96, 11], "mirror": true},
						{"origin": [-11.5, 12.38173, -5.26777], "size": [1, 2, 2], "pivot": [-12, 13.38173, -4.26777], "rotation": [45, 0, 90], "uv": [93, 11]},
						{"origin": [-12.12993, 7.375, 0.88384], "size": [3, 7.25, 4], "inflate": -0.051, "pivot": [-11.12993, 11, 2.88384], "rotation": [-75, 0, 90], "uv": [80, 0]}
					]
				},
				{
					"name": "barrage_left_arm",
					"parent": "BAM",
					"pivot": [12, 27, 0],
					"cubes": [
						{"origin": [11, 25, -5.25], "size": [3, 6, 4], "inflate": 0.2, "pivot": [12, 28, -3.25], "rotation": [-90, 0, 90], "uv": [96, 11]},
						{"origin": [10.5, 29.38173, -5.26777], "size": [1, 2, 2], "pivot": [12, 30.38173, -4.26777], "rotation": [45, 0, -90], "uv": [93, 11], "mirror": true},
						{"origin": [9.12993, 24.375, 0.88384], "size": [3, 7.25, 4], "inflate": -0.051, "pivot": [11.12993, 28, 2.88384], "rotation": [-75, 0, -90], "uv": [95, 0], "mirror": true},
						{"origin": [11, 25.875, -6.125], "size": [3, 6.25, 4], "inflate": -0.05, "pivot": [12, 28, -4.125], "rotation": [-90, 0, 90], "uv": [80, 11]}
					]
				},
				{
					"name": "barrage_left_arm2",
					"parent": "BAM",
					"pivot": [13, 19, 0],
					"cubes": [
						{"origin": [12, 17.875, -6.125], "size": [3, 6.25, 4], "inflate": -0.05, "pivot": [13, 20, -4.125], "rotation": [-90, 0, 90], "uv": [80, 11]},
						{"origin": [12, 17, -5.25], "size": [3, 6, 4], "inflate": 0.2, "pivot": [13, 20, -3.25], "rotation": [-90, 0, 90], "uv": [96, 11]},
						{"origin": [10.12993, 16.375, 0.88384], "size": [3, 7.25, 4], "inflate": -0.051, "pivot": [12.12993, 20, 2.88384], "rotation": [-75, 0, -90], "uv": [95, 0], "mirror": true},
						{"origin": [11.5, 21.38173, -5.26777], "size": [1, 2, 2], "pivot": [13, 22.38173, -4.26777], "rotation": [45, 0, -90], "uv": [93, 11], "mirror": true}
					]
				},
				{
					"name": "barrage_left_arm3",
					"parent": "BAM",
					"pivot": [12, 10, 0],
					"cubes": [
						{"origin": [11, 8, -5.25], "size": [3, 6, 4], "inflate": 0.2, "pivot": [12, 11, -3.25], "rotation": [-90, 0, 90], "uv": [96, 11]},
						{"origin": [11, 8.875, -6.125], "size": [3, 6.25, 4], "inflate": -0.05, "pivot": [12, 11, -4.125], "rotation": [-90, 0, 90], "uv": [80, 11]},
						{"origin": [10, 13, -4.1], "size": [3, 7.25, 4], "inflate": -0.051, "pivot": [14, 13, -0.1], "rotation": [-75, 0, -90], "uv": [95, 0], "mirror": true},
						{"origin": [10.5, 12.38173, -5.26777], "size": [1, 2, 2], "pivot": [12, 13.38173, -4.26777], "rotation": [45, 0, -90], "uv": [93, 11], "mirror": true}
					]
				}
			]
		}
	]
}