{
	"format_version": "1.12.0",
	"minecraft:geometry": [
		{
			"description": {
				"identifier": "geometry.clothing_base",
				"texture_width": 64,
				"texture_height": 64,
				"visible_bounds_width": 3,
				"visible_bounds_height": 4.5,
				"visible_bounds_offset": [0, 1.75, 0]
			},
			"bones": [
				{
					"name": "helmet",
					"pivot": [0, 24, 0],
					"cubes": [
						{"origin": [-4, 24, -4], "size": [8, 8, 8], "inflate": 0.5, "uv": [0, 16]},
						{"origin": [-4, 24, -4], "size": [8, 8, 8], "inflate": 0.65, "uv": [0, 0]}
					]
				},
				{
					"name": "hair",
					"parent": "helmet",
					"pivot": [0, 24.25, 0.025]
				},
				{
					"name": "hair_front",
					"parent": "hair",
					"pivot": [-0.0625, 26.92717, -4.40833]
				},
				{
					"name": "hair_left",
					"parent": "hair_front",
					"pivot": [3.60625, 26.50425, -4.15],
					"rotation": [180, 0, 175.5],
					"cubes": [
						{"origin": [2.36862, 21.34677, -3.825], "size": [3, 3, 1], "inflate": 0.001, "pivot": [3.86862, 22.84677, -3.325], "rotation": [0, 0, 45], "uv": [56, 0]}
					]
				},
				{
					"name": "hair_right",
					"parent": "hair_front",
					"pivot": [-3.89375, 26.54175, -4.175],
					"rotation": [180, 0, -174.25],
					"cubes": [
						{"origin": [-5.83707, 20.69699, -3.975], "size": [3, 3, 1], "inflate": 0.001, "pivot": [-4.33707, 22.19699, -3.475], "rotation": [0, 0, -135], "uv": [56, 0]}
					]
				},
				{
					"name": "hair_back",
					"parent": "hair",
					"pivot": [-0.1023, 26.5057, 1.7202]
				},
				{
					"name": "lowerhair_back",
					"parent": "hair_back",
					"pivot": [0.048, 23.448, 1.723]
				},
				{
					"name": "chestplate",
					"pivot": [0, 24, 0],
					"cubes": [
						{"origin": [-4, 12, -2], "size": [8, 4, 4], "inflate": 0.35, "uv": [0, 39]},
						{"origin": [-4, 12, -2], "size": [8, 12, 4], "inflate": 0.4, "uv": [32, 0]},
						{"origin": [-2.5, 24.25, -2.5], "size": [5, 1, 4], "uv": [46, 55]},
						{"origin": [-2.5, 24.25, -2.5], "size": [5, 1, 4], "inflate": 0.1, "uv": [29, 59]},
						{"origin": [-4.461, 18.419, 2.764], "size": [3, 3, 1], "pivot": [-2.961, 19.919, 3.264], "rotation": [0, 0, -12.5], "uv": [56, 0]},
						{"origin": [-1.086, 16.319, 2.764], "size": [3, 3, 1], "pivot": [0.414, 17.819, 3.264], "rotation": [0, 0, -41], "uv": [56, 0]},
						{"origin": [2.339, 17.919, 2.814], "size": [3, 3, 1], "pivot": [3.839, 19.419, 3.314], "rotation": [0, 0, 10], "uv": [56, 0]},
						{"origin": [-4.01, 16.97, 2.24], "size": [8, 5, 1], "uv": [40, 39]},
						{"origin": [-4.01, 21.99, 2.24], "size": [8, 3, 1], "uv": [46, 47]},
						{"origin": [3.039, 21.669, 2.764], "size": [3, 3, 1], "uv": [56, 0]},
						{"origin": [-5.711, 21.669, 2.764], "size": [3, 3, 1], "uv": [56, 0]},
						{"origin": [-4.01, 22.74, 1.99], "size": [8, 3, 1], "pivot": [0, 24, 1.5], "rotation": [67.5, 0, 0], "uv": [46, 47]},
						{"origin": [-5.411, 23.919, 0.814], "size": [3, 3, 1], "pivot": [-3.911, 25.419, 1.314], "rotation": [70, 0, 0], "uv": [56, 0]},
						{"origin": [2.589, 23.919, 0.814], "size": [3, 3, 1], "pivot": [4.089, 25.419, 1.314], "rotation": [70, 0, 0], "uv": [56, 0]},
						{"origin": [2.589, 23.919, -2.186], "size": [3, 3, 1], "pivot": [4.089, 25.419, -1.686], "rotation": [109.58897, -5.71617, 8.21888], "uv": [56, 0]},
						{"origin": [-5.411, 23.919, -1.936], "size": [3, 3, 1], "pivot": [-3.911, 25.419, -1.436], "rotation": [109.58897, 5.71617, -8.21888], "uv": [56, 0]}
					]
				},
				{
					"name": "rightArm",
					"pivot": [-5, 22, 0],
					"cubes": [
						{"origin": [-8, 14.9, -2], "size": [4, 9, 4], "inflate": 0.4, "uv": [24, 32]},
						{"origin": [-8, 15.1, -2], "size": [4, 9, 4], "inflate": 0.6, "uv": [32, 16]}
					]
				},
				{
					"name": "rightLeg",
					"pivot": [-1.9, 12, 0],
					"cubes": [
						{"origin": [-4.2, 5, 1.72171], "size": [5, 9, 1], "inflate": 0.25, "pivot": [-2, 14, 2], "rotation": [5, 0, 5], "uv": [2, 47], "mirror": true},
						{"origin": [-4, 6, -2], "size": [4, 8, 4], "inflate": 0.5, "pivot": [-4.4, 14, 0], "rotation": [0, 2.76481, 12.22209], "uv": [16, 48]}
					]
				},
				{
					"name": "rightBoot",
					"pivot": [-1.9, 12, 0]
				},
				{
					"name": "leftLeg",
					"pivot": [1.9, 12, 0],
					"cubes": [
						{"origin": [-0.8, 5, 1.72171], "size": [5, 9, 1], "inflate": 0.25, "pivot": [2, 14, 2], "rotation": [5, 0, -5], "uv": [2, 47]},
						{"origin": [0, 6, -2], "size": [4, 8, 4], "inflate": 0.5, "pivot": [4.4, 14, 0], "rotation": [0, -2.76481, -12.22209], "uv": [16, 48], "mirror": true}
					]
				},
				{
					"name": "leftArm",
					"pivot": [5, 22, 0],
					"cubes": [
						{"origin": [4, 15.1, -2], "size": [4, 9, 4], "inflate": 0.6, "uv": [32, 16], "mirror": true},
						{"origin": [4, 14.9, -2], "size": [4, 9, 4], "inflate": 0.4, "uv": [24, 32], "mirror": true}
					]
				},
				{
					"name": "leftBoot",
					"pivot": [2.1, 12, 0]
				}
			]
		}
	]
}